gender,age,country,continent,occupation,views,sports,time
Female,76,Thailand,Europe,Account Representative III,3,netball,8:02
Male,24,China,Australia,Associate Professor,43,netball,15:32
Male,32,Russia,Australia,Assistant Manager,48,hockey,21:57
Male,51,Russia,Asia,Senior Editor,74,netball,12:04
Male,30,Indonesia,Australia,Help Desk Operator,34,tennis,14:21
Male,79,Indonesia,Antarctica,VP Marketing,67,rugby,15:43
Male,53,Poland,Antarctica,Senior Financial Analyst,14,karate,18:28
Female,18,China,Australia,Editor,27,tennis,10:55
Male,61,Indonesia,South America,Human Resources Assistant I,24,athletics,5:16
Male,38,Ecuador,Antarctica,Product Engineer,45,swimming,0:59
Female,79,Indonesia,Africa,Senior Developer,98,rugby,17:18
Female,20,Poland,Europe,Tax Accountant,57,hockey,1:19
Female,30,Bangladesh,Australia,Physical Therapy Assistant,93,hockey,19:16
Male,35,China,Europe,Accounting Assistant III,64,swimming,4:10
Female,70,China,South America,Professor,74,karate,23:56
Female,77,Poland,South America,Compensation Analyst,30,hockey,8:02
Male,29,Greece,Africa,Recruiter,19,tennis,18:26
Male,59,Brazil,North America,Recruiter,28,tennis,17:17
Male,71,Indonesia,Antarctica,Cost Accountant,35,tennis,23:40
Female,35,Indonesia,Asia,Nuclear Power Engineer,62,rugby,16:24
Female,35,Brazil,Asia,Recruiting Manager,26,hockey,23:00
Male,48,China,Australia,Professor,75,swimming,8:39
Female,59,Peru,Europe,Budget/Accounting Analyst IV,18,netball,3:42
Female,37,Cuba,North America,Research Assistant II,92,chess,18:46
Male,72,China,North America,Geological Engineer,72,tennis,12:26
Female,38,Mexico,Australia,Budget/Accounting Analyst I,90,chess,21:22
Male,63,Hungary,Australia,Desktop Support Technician,28,rugby,18:18
Female,57,Japan,South America,Developer I,97,swimming,5:39
Male,26,China,North America,Assistant Professor,55,karate,13:25
Female,32,Malaysia,South America,Quality Engineer,57,baseball,8:06
Female,66,Indonesia,Australia,Web Designer II,89,rugby,2:58
Male,66,Indonesia,Europe,Civil Engineer,6,athletics,2:07
Male,69,Russia,Australia,Editor,78,rugby,3:52
Female,52,China,Africa,Chief Design Engineer,26,swimming,3:23
Female,46,Indonesia,Africa,Teacher,73,tennis,20:59
Male,37,Portugal,Australia,General Manager,80,baseball,10:50
Male,39,Nigeria,Antarctica,Staff Scientist,47,hockey,18:15
Male,65,China,South America,Statistician III,75,netball,9:36
Male,73,Yemen,Asia,Statistician I,17,swimming,5:56
Male,65,Philippines,Asia,Research Assistant IV,2,football,6:51
Male,46,Iran,Asia,Technical Writer,82,tennis,0:27
Female,28,China,Asia,Geologist II,17,rugby,19:08
Female,46,United States,North America,Civil Engineer,6,swimming,11:46
Female,25,Czech Republic,North America,Clinical Specialist,86,swimming,21:09
Female,61,Sweden,Australia,VP Marketing,29,baseball,19:52
Male,16,Nepal,Asia,Operator,75,chess,2:23
Female,70,Philippines,South America,VP Accounting,71,tennis,19:45
Female,34,Indonesia,Asia,Automation Specialist IV,18,athletics,23:46
Female,42,Czech Republic,Europe,Systems Administrator I,8,rugby,17:27
Male,27,Indonesia,Europe,Help Desk Technician,39,netball,1:15
Female,65,Ethiopia,Africa,Quality Control Specialist,50,football,20:39
Male,74,Malaysia,Australia,Software Test Engineer I,72,netball,16:05
Female,80,Ukraine,South America,Accounting Assistant II,72,hockey,16:06
Female,55,Philippines,Asia,Office Assistant III,67,swimming,12:47
Female,63,Russia,Antarctica,Pharmacist,54,chess,12:44
Female,58,Indonesia,Africa,Executive Secretary,28,chess,17:41
Female,56,China,Europe,Marketing Assistant,99,baseball,11:11
Female,52,Indonesia,Europe,Media Manager I,13,karate,5:35
Male,68,China,Asia,Assistant Media Planner,83,netball,8:55
Female,63,Brazil,North America,Product Engineer,8,tennis,16:44
Female,66,Indonesia,Asia,Project Manager,52,hockey,22:20
Male,35,Indonesia,Europe,Programmer I,23,football,8:41
Female,61,Indonesia,Antarctica,Accounting Assistant II,59,athletics,7:47
Male,33,China,Asia,Quality Control Specialist,43,swimming,9:27
Male,57,Brazil,North America,Web Developer I,10,football,0:04
Male,33,Cuba,South America,Senior Quality Engineer,84,chess,21:18
Female,19,Democratic Republic of the Congo,Africa,Desktop Support Technician,58,athletics,1:08
Male,75,Russia,North America,Software Consultant,64,football,3:59
Female,78,China,Europe,Statistician III,65,karate,15:37
Male,29,Indonesia,North America,Actuary,81,hockey,7:40
Female,71,China,Antarctica,Electrical Engineer,5,baseball,19:10
Female,22,Sri Lanka,Europe,Mechanical Systems Engineer,41,football,19:42
Female,49,Finland,Antarctica,Associate Professor,71,baseball,17:18
Female,80,Azerbaijan,Africa,Geologist II,87,baseball,10:35
Female,69,Nepal,Australia,Operator,3,karate,11:46
Female,65,Mexico,North America,Human Resources Manager,25,football,6:50
Male,40,Philippines,Antarctica,Food Chemist,2,baseball,12:56
Female,55,United States,Africa,Community Outreach Specialist,61,rugby,17:11
Male,42,Indonesia,Asia,Dental Hygienist,84,rugby,21:17
Male,38,France,Europe,Food Chemist,39,athletics,8:39
Male,56,Indonesia,Africa,Marketing Manager,15,chess,1:58
Male,28,Indonesia,Australia,Legal Assistant,80,baseball,19:41
Female,43,Sweden,Europe,Senior Developer,68,tennis,14:47
Female,65,Indonesia,Asia,Associate Professor,58,baseball,14:25
Male,43,China,Asia,Assistant Media Planner,90,chess,14:36
Male,80,China,Asia,Recruiter,66,football,16:48
Female,29,Belarus,Africa,Tax Accountant,13,netball,23:44
Female,39,El Salvador,Africa,VP Marketing,12,hockey,11:31
Male,56,China,South America,Nurse,44,karate,13:42
Female,76,Guinea,North America,Business Systems Development Analyst,27,athletics,7:24
Male,21,Brazil,Antarctica,Electrical Engineer,95,tennis,0:33
Male,35,Poland,Asia,Dental Hygienist,97,netball,6:33
Male,41,Philippines,North America,Internal Auditor,41,karate,20:50
Female,39,China,Africa,Statistician III,44,football,3:27
Male,17,Tunisia,Africa,Research Nurse,80,chess,21:11
Male,24,France,North America,Health Coach II,90,chess,1:06
Male,72,Thailand,Africa,Financial Analyst,58,baseball,12:19
Male,17,Japan,Africa,Senior Sales Associate,91,karate,23:51
Male,80,China,Europe,Quality Control Specialist,72,rugby,22:28
Male,61,China,Africa,Internal Auditor,2,football,15:57
Male,47,North Korea,Asia,Developer IV,25,tennis,6:38
Male,73,Philippines,Antarctica,Physical Therapy Assistant,67,hockey,5:34
Female,26,Monaco,South America,Geological Engineer,72,athletics,8:31
Female,34,Poland,Antarctica,Associate Professor,31,tennis,2:12
Male,44,China,Antarctica,Recruiter,29,hockey,18:28
Male,23,Russia,Europe,Account Executive,86,athletics,12:59
Female,80,Vietnam,Australia,Information Systems Manager,14,athletics,6:39
Male,57,Ukraine,Africa,Nurse Practicioner,78,hockey,9:58
Female,50,China,Antarctica,Account Executive,100,football,21:06
Female,60,China,North America,Mechanical Systems Engineer,78,hockey,6:49
Female,70,Czech Republic,South America,Human Resources Manager,74,swimming,9:11
Male,67,Micronesia,Australia,Data Coordinator,36,chess,12:04
Female,72,Indonesia,Europe,Marketing Manager,54,chess,23:31
Female,41,Ukraine,Asia,VP Marketing,96,swimming,14:14
Female,29,Poland,Europe,Senior Cost Accountant,50,hockey,7:35
Male,39,Ukraine,Antarctica,Recruiter,84,football,17:46
Female,80,China,South America,Editor,98,swimming,9:27
Female,34,Czech Republic,Africa,Geological Engineer,51,rugby,1:11
Male,65,Poland,Asia,Research Assistant I,40,hockey,23:23
Female,17,Syria,Australia,Product Engineer,64,swimming,21:12
Female,62,Albania,Antarctica,Paralegal,9,hockey,12:32
Female,28,China,Africa,Staff Accountant II,74,baseball,7:25
Male,62,China,North America,Internal Auditor,55,chess,10:37
Male,45,Ukraine,South America,Geological Engineer,63,netball,6:30
Male,50,Australia,Africa,Marketing Assistant,33,swimming,14:27
Female,22,Portugal,North America,Analog Circuit Design manager,20,rugby,8:34
Male,55,Honduras,South America,Senior Editor,21,baseball,5:37
Female,32,China,Europe,Business Systems Development Analyst,19,swimming,8:54
Female,54,Greece,Europe,Senior Quality Engineer,59,swimming,7:43
Female,20,Netherlands,Europe,Professor,29,netball,9:10
Female,74,Philippines,Africa,Administrative Assistant III,98,netball,20:47
Female,64,Indonesia,Asia,Sales Representative,29,hockey,21:30
Male,30,Czech Republic,North America,Recruiting Manager,85,hockey,12:15
Female,40,Russia,Asia,Environmental Specialist,11,rugby,10:55
Female,53,Czech Republic,Antarctica,Junior Executive,56,netball,1:02
Male,75,Argentina,Asia,Senior Quality Engineer,7,swimming,18:18
Male,49,Iran,Australia,Operator,64,athletics,13:11
Female,62,China,Antarctica,Assistant Manager,4,netball,18:34
Female,60,Indonesia,Africa,Programmer III,89,football,3:53
Female,72,United States,Asia,Librarian,50,chess,22:21
Female,19,Cameroon,Europe,Graphic Designer,46,chess,16:14
Female,30,Poland,Africa,Physical Therapy Assistant,31,football,4:30
Female,55,Russia,Africa,Administrative Assistant I,94,hockey,5:33
Female,75,Czech Republic,South America,Librarian,92,tennis,0:49
Male,24,Norway,Europe,Clinical Specialist,30,tennis,10:15
Female,38,Mongolia,Australia,Assistant Manager,87,tennis,20:31
Male,79,Philippines,Antarctica,Research Nurse,3,chess,14:06
Male,74,China,Asia,Account Executive,9,football,17:35
Female,21,Philippines,Asia,Accounting Assistant II,66,rugby,12:58
Female,80,China,Australia,Nuclear Power Engineer,85,netball,5:22
Female,20,China,Australia,General Manager,2,chess,10:20
Male,33,Portugal,Antarctica,Human Resources Manager,1,football,7:32
Female,31,Kyrgyzstan,North America,VP Sales,79,rugby,10:25
Male,45,Mongolia,North America,Accounting Assistant I,27,athletics,14:22
Female,64,China,Australia,Analog Circuit Design manager,8,football,16:43
Male,79,United States,Europe,Staff Scientist,33,baseball,17:15
Male,31,Sweden,Africa,Internal Auditor,17,karate,1:36
Male,69,China,Africa,Nurse Practicioner,100,swimming,15:33
Male,18,China,Europe,Project Manager,85,netball,19:51
Male,77,Indonesia,Asia,Environmental Tech,23,hockey,12:14
Male,71,Portugal,Antarctica,Physical Therapy Assistant,47,swimming,2:20
Female,30,Indonesia,Europe,Mechanical Systems Engineer,59,baseball,6:04
Male,40,Portugal,South America,GIS Technical Architect,52,karate,17:28
Male,41,Sweden,Antarctica,Statistician IV,20,chess,23:26
Female,36,United States,Europe,Staff Accountant I,61,netball,13:51
Female,36,Greece,North America,VP Sales,35,chess,7:53
Male,53,Peru,South America,Project Manager,44,football,23:15
Male,63,Pakistan,Africa,Database Administrator II,91,rugby,8:36
Female,34,China,Asia,Information Systems Manager,8,tennis,6:51
Female,52,China,Antarctica,Electrical Engineer,17,swimming,14:36
Female,62,China,North America,Desktop Support Technician,94,karate,12:02
Male,58,United States,South America,Legal Assistant,21,swimming,23:52
Male,36,Slovenia,North America,Senior Financial Analyst,43,football,3:51
Female,72,China,Antarctica,Human Resources Assistant II,60,chess,5:19
Male,35,Portugal,Africa,Senior Developer,84,rugby,0:16
Male,37,Lebanon,North America,General Manager,42,karate,19:39
Female,28,Indonesia,Africa,Account Executive,30,baseball,22:27
Male,42,Bosnia and Herzegovina,Antarctica,Civil Engineer,20,swimming,13:28
Female,39,Philippines,Antarctica,Pharmacist,70,rugby,15:51
Male,27,Peru,Australia,Sales Representative,12,netball,2:28
Female,31,Russia,Australia,Senior Sales Associate,75,tennis,3:46
Male,39,China,Antarctica,Nurse Practicioner,40,hockey,18:01
Female,76,Poland,South America,Junior Executive,14,chess,3:15
Female,64,Poland,North America,Environmental Specialist,34,hockey,7:25
Female,58,China,Asia,Assistant Manager,61,athletics,12:17
Female,77,Vietnam,Europe,Environmental Specialist,38,tennis,10:51
Male,28,Mongolia,Antarctica,Senior Cost Accountant,96,karate,1:44
Male,42,Saudi Arabia,North America,Media Manager IV,37,karate,21:05
Female,76,Guatemala,Europe,Internal Auditor,54,chess,12:50
Female,48,France,Africa,Senior Developer,38,netball,12:54
Female,54,China,North America,Financial Analyst,59,football,21:35
Male,22,Moldova,North America,Programmer Analyst II,27,football,18:59
Female,23,Honduras,South America,Accountant IV,51,karate,21:21
Male,31,China,South America,Administrative Assistant II,23,athletics,14:03
Male,74,China,Asia,Product Engineer,26,football,11:15
Female,42,Portugal,South America,Systems Administrator II,72,rugby,7:20
Female,24,Mali,Africa,Business Systems Development Analyst,27,karate,22:43
Male,79,Nigeria,North America,Civil Engineer,11,netball,6:30
Male,29,Colombia,Asia,Financial Advisor,94,karate,18:16
Female,30,China,Africa,Editor,54,tennis,3:40
Female,61,Russia,North America,Programmer Analyst IV,2,football,1:40
Female,77,Armenia,North America,VP Marketing,21,football,9:16
Male,78,China,Africa,Recruiting Manager,7,rugby,11:10
Female,17,Canada,North America,General Manager,6,netball,5:53
Female,57,Serbia,Asia,Software Consultant,65,hockey,12:56
Male,24,China,Antarctica,Senior Sales Associate,36,chess,3:27
Male,78,Philippines,Asia,Graphic Designer,49,swimming,11:16
Female,37,Portugal,Africa,Dental Hygienist,73,netball,9:44
Female,60,Japan,Asia,Administrative Assistant III,18,chess,20:20
Female,46,Colombia,South America,Quality Engineer,7,hockey,21:48
Female,51,Brazil,Antarctica,Legal Assistant,91,karate,9:10
Male,49,United States,North America,Speech Pathologist,15,baseball,15:26
Female,73,Indonesia,Africa,Web Developer IV,96,baseball,9:08
Male,79,Mexico,Europe,Occupational Therapist,97,rugby,23:03
Female,67,China,South America,Senior Financial Analyst,73,baseball,23:16
Male,73,Guatemala,Australia,Assistant Media Planner,46,football,20:38
Female,79,Poland,Antarctica,Assistant Manager,80,tennis,15:27
Male,62,Indonesia,South America,Data Coordinator,56,baseball,18:32
Male,48,China,Australia,Legal Assistant,51,swimming,9:59
Female,35,Indonesia,South America,Research Associate,24,netball,7:09
Male,58,China,Asia,Sales Associate,17,karate,1:18
Male,36,Czech Republic,South America,Senior Sales Associate,49,rugby,17:24
Female,27,China,Africa,Internal Auditor,80,chess,13:47
Male,16,Philippines,Australia,Accountant IV,25,hockey,11:44
Male,69,Mexico,South America,Social Worker,3,karate,6:09
Male,41,Colombia,Africa,Marketing Assistant,81,baseball,23:43
Female,41,China,Asia,Sales Associate,68,football,5:50
Male,43,Russia,Australia,Social Worker,89,athletics,2:51
Male,62,Czech Republic,Africa,Registered Nurse,6,swimming,9:39
Male,70,Argentina,Antarctica,Software Consultant,71,football,13:26
Female,23,China,Australia,Nurse,38,karate,4:16
Male,55,Jordan,North America,Clinical Specialist,7,karate,2:57
Male,43,Venezuela,Europe,Safety Technician II,73,tennis,14:51
Male,44,Peru,Africa,Office Assistant I,14,karate,2:25
Male,33,Indonesia,Antarctica,Physical Therapy Assistant,95,swimming,14:54
Male,45,China,Africa,Mechanical Systems Engineer,90,chess,22:16
Male,17,Indonesia,South America,VP Sales,100,football,21:18
Male,79,China,Africa,Community Outreach Specialist,30,chess,0:41
Female,18,Argentina,Europe,Research Assistant III,72,rugby,17:54
Male,72,Czech Republic,Europe,Quality Control Specialist,19,athletics,6:07
Female,27,Tanzania,Asia,Software Test Engineer III,99,chess,10:53
Male,35,Mali,Australia,Account Executive,60,hockey,6:28
Female,44,China,Asia,Geologist III,72,baseball,21:18
Male,75,Bulgaria,Africa,Cost Accountant,83,athletics,3:22
Female,59,Indonesia,Antarctica,Help Desk Operator,31,netball,12:19
Female,65,Indonesia,Africa,Research Associate,96,baseball,12:30
Male,65,Indonesia,Australia,Executive Secretary,62,karate,1:42
Female,77,Malaysia,Australia,Account Executive,93,rugby,11:07
Male,28,Egypt,Asia,Legal Assistant,64,baseball,5:57
Female,62,China,Asia,Information Systems Manager,98,football,13:58
Female,70,Colombia,South America,Business Systems Development Analyst,10,tennis,8:31
Female,29,Indonesia,North America,Geological Engineer,77,karate,4:22
Female,33,Mongolia,Australia,Senior Editor,59,karate,12:44
Male,58,Greece,North America,Media Manager II,52,athletics,7:53
Male,59,Portugal,North America,Financial Analyst,94,rugby,8:13
Female,43,Bulgaria,Africa,VP Accounting,70,football,22:14
Male,51,China,Africa,Chief Design Engineer,74,athletics,13:05
Male,24,Albania,Australia,Systems Administrator III,84,karate,8:09
Female,34,China,South America,Geologist III,28,swimming,4:07
Male,70,Sweden,Africa,Account Coordinator,34,baseball,19:07
Female,66,Denmark,South America,Developer III,46,rugby,1:48
Female,21,China,Antarctica,Desktop Support Technician,25,karate,10:22
Male,25,Portugal,Australia,Programmer Analyst I,15,netball,23:06
Male,32,Indonesia,Australia,Geological Engineer,74,tennis,13:50
Male,59,Indonesia,South America,Programmer IV,10,swimming,18:07
Female,73,United States,Antarctica,Junior Executive,94,netball,21:42
Female,43,Denmark,North America,Mechanical Systems Engineer,93,football,4:20
Female,48,Thailand,Africa,Accounting Assistant II,19,baseball,0:55
Female,24,Vietnam,North America,Sales Representative,15,netball,17:28
Male,25,China,Africa,Sales Representative,67,football,15:06
Female,46,Norway,Australia,Computer Systems Analyst I,21,tennis,12:01
Female,43,Morocco,South America,Staff Scientist,77,football,3:09
Male,52,Indonesia,Europe,Programmer II,49,hockey,20:33
Male,16,Indonesia,Australia,Help Desk Technician,78,swimming,13:44
Male,71,Portugal,Europe,Tax Accountant,47,hockey,4:00
Male,36,Russia,Australia,Chief Design Engineer,48,football,23:22
Male,27,Brazil,Antarctica,Director of Sales,19,baseball,11:21
Male,25,Poland,South America,Developer I,82,hockey,18:24
Male,32,Russia,Antarctica,Automation Specialist I,16,tennis,19:17
Female,77,Poland,Europe,VP Accounting,70,baseball,23:32
Female,39,Poland,Antarctica,VP Product Management,83,swimming,15:40
Female,70,Indonesia,Australia,Nuclear Power Engineer,39,netball,5:29
Female,27,Peru,South America,Cost Accountant,67,baseball,14:46
Male,62,Mauritius,Australia,Web Designer I,58,tennis,23:06
Male,71,Chile,Europe,Geologist III,70,tennis,19:24
Female,30,Canada,Antarctica,Account Representative IV,82,tennis,22:57
Male,21,Indonesia,Antarctica,Civil Engineer,67,athletics,6:50
Male,67,China,Asia,Pharmacist,6,baseball,2:56
Male,60,China,South America,Biostatistician I,39,chess,16:33
Male,29,China,Europe,Nuclear Power Engineer,28,rugby,9:27
Female,59,Ivory Coast,South America,Assistant Media Planner,87,athletics,17:27
Female,72,Bangladesh,North America,Business Systems Development Analyst,8,athletics,2:04
Male,48,Russia,Africa,Developer III,4,rugby,20:58
Female,62,Syria,South America,Design Engineer,85,athletics,3:13
Female,72,Indonesia,Europe,Web Designer I,96,chess,2:09
Female,62,Yemen,South America,GIS Technical Architect,54,baseball,20:52
Male,69,Philippines,Africa,Software Engineer III,31,swimming,18:58
Male,57,Belarus,Europe,Librarian,42,football,0:41
Female,29,United States,Australia,Tax Accountant,60,karate,16:59
Female,57,Russia,South America,Chemical Engineer,60,karate,11:24
Male,42,Russia,Europe,Graphic Designer,74,swimming,20:11
Female,17,Philippines,Asia,Engineer IV,92,tennis,2:35
Male,23,Canada,Antarctica,Assistant Media Planner,94,netball,7:22
Female,58,Ivory Coast,Africa,VP Quality Control,37,rugby,8:40
Female,80,Indonesia,Africa,Senior Cost Accountant,55,tennis,1:44
Male,42,Costa Rica,South America,Sales Associate,54,karate,19:37
Female,78,Portugal,Africa,General Manager,8,karate,19:30
Female,40,Philippines,Australia,Research Nurse,24,swimming,16:53
Male,45,South Korea,Australia,VP Quality Control,89,tennis,18:24
Female,59,Philippines,South America,Budget/Accounting Analyst III,78,swimming,20:21
Male,74,New Caledonia,Asia,Speech Pathologist,65,swimming,4:00
Female,44,China,Antarctica,VP Sales,70,baseball,21:31
Male,31,Russia,Europe,Assistant Media Planner,21,tennis,19:44
Male,53,Indonesia,North America,Business Systems Development Analyst,67,football,21:39
Female,78,Indonesia,Europe,VP Sales,90,hockey,19:55
Male,30,Haiti,Europe,Automation Specialist III,19,tennis,21:15
Female,19,Indonesia,Asia,Marketing Manager,61,football,23:26
Female,69,Turkmenistan,North America,Administrative Assistant IV,7,hockey,15:23
Male,65,Portugal,Africa,Programmer I,84,hockey,0:50
Female,57,Portugal,Australia,Software Test Engineer IV,41,tennis,13:00
Female,17,Macedonia,Africa,Actuary,86,athletics,21:33
Female,45,Canada,South America,Help Desk Technician,98,karate,11:45
Female,74,China,North America,Web Developer II,63,baseball,4:44
Female,48,Azerbaijan,North America,Actuary,69,hockey,13:59
Female,52,Colombia,North America,Staff Accountant III,77,chess,3:34
Male,44,Russia,Europe,Executive Secretary,75,karate,13:44
Male,68,Russia,Europe,Editor,38,hockey,12:26
Female,67,China,Antarctica,VP Product Management,28,tennis,14:57
Male,62,Haiti,Europe,Health Coach IV,66,chess,16:03
Male,27,China,Australia,Associate Professor,31,netball,12:17
Female,38,Czech Republic,Australia,Pharmacist,69,football,21:42
Female,25,Argentina,Australia,Staff Scientist,70,rugby,7:43
Female,46,Mexico,Africa,Occupational Therapist,33,baseball,6:51
Female,32,Indonesia,Antarctica,Assistant Manager,85,tennis,4:05
Female,34,China,North America,Mechanical Systems Engineer,98,tennis,22:01
Female,38,China,Australia,Marketing Manager,45,tennis,3:50
Male,59,Argentina,Europe,Safety Technician IV,85,netball,17:03
Female,17,Peru,Australia,Assistant Professor,74,tennis,16:45
Female,66,Ukraine,Africa,Account Executive,94,athletics,20:00
Female,22,China,Europe,Staff Scientist,17,baseball,11:35
Male,57,Iran,Europe,Marketing Assistant,42,football,6:21
Male,65,China,Europe,Nuclear Power Engineer,38,hockey,20:11
Female,44,Indonesia,North America,Senior Editor,52,athletics,22:37
Female,56,China,Australia,Biostatistician III,89,swimming,3:52
Female,77,Poland,Antarctica,Web Developer I,59,baseball,23:08
Male,54,Canada,Asia,Assistant Media Planner,15,hockey,13:07
Male,78,Laos,Asia,Budget/Accounting Analyst IV,67,chess,0:32
Male,42,United States,North America,Nuclear Power Engineer,42,football,22:26
Male,50,Russia,Australia,Accounting Assistant II,89,hockey,21:02
Male,34,China,Antarctica,Nuclear Power Engineer,71,swimming,17:45
Male,19,Indonesia,South America,Geological Engineer,87,rugby,7:27
Male,19,China,Europe,Structural Engineer,62,netball,15:25
Female,31,Slovenia,Asia,Sales Associate,58,netball,1:45
Male,30,Brazil,Australia,Web Developer III,57,karate,15:11
Female,67,China,North America,Quality Control Specialist,72,hockey,5:02
Male,56,Argentina,North America,Tax Accountant,67,swimming,15:27
Female,32,Philippines,Asia,Analog Circuit Design manager,24,athletics,21:43
Female,59,Poland,Australia,Assistant Manager,22,baseball,5:37
Female,70,Indonesia,Asia,Speech Pathologist,91,baseball,22:29
Male,73,Sudan,Asia,Civil Engineer,4,athletics,1:39
Male,46,Poland,Africa,Programmer I,98,baseball,7:07
Male,66,Greece,Africa,Executive Secretary,33,swimming,6:24
Male,71,Tunisia,South America,Director of Sales,5,baseball,5:06
Male,63,Jordan,South America,Quality Engineer,10,karate,3:22
Male,58,Spain,Australia,Cost Accountant,29,netball,7:32
Female,24,Indonesia,South America,Human Resources Assistant II,21,swimming,21:23
Male,35,Brazil,South America,Desktop Support Technician,95,swimming,11:23
Female,16,China,Africa,Budget/Accounting Analyst II,55,chess,16:17
Female,21,Malaysia,South America,Recruiter,26,swimming,23:20
Female,58,Indonesia,North America,Accountant III,28,rugby,2:50
Male,73,Brazil,Asia,GIS Technical Architect,44,netball,7:56
Female,73,Sweden,Australia,Senior Developer,7,karate,8:15
Female,27,Mexico,Australia,Senior Financial Analyst,77,rugby,16:26
Female,75,Nigeria,South America,Cost Accountant,15,baseball,8:26
Female,54,Spain,South America,Human Resources Manager,2,karate,13:01
Male,20,China,Asia,Statistician III,78,netball,7:19
Male,77,Japan,Europe,Senior Editor,2,netball,19:14
Male,59,Hungary,Europe,Media Manager IV,26,athletics,17:56
Male,68,Vietnam,Africa,VP Accounting,58,athletics,15:47
Male,49,Iran,Australia,Food Chemist,7,football,7:43
Male,55,Poland,Antarctica,Analyst Programmer,63,athletics,15:34
Male,57,Haiti,Antarctica,Structural Analysis Engineer,35,netball,0:37
Female,72,Philippines,South America,Staff Scientist,88,chess,20:21
Male,42,Iraq,Asia,Analog Circuit Design manager,63,football,23:43
Female,54,Nicaragua,Antarctica,VP Quality Control,14,swimming,1:50
Female,69,New Zealand,South America,Analog Circuit Design manager,48,athletics,2:01
Female,36,Indonesia,Africa,Financial Analyst,27,swimming,23:49
Female,63,Sweden,North America,Database Administrator III,88,karate,3:46
Female,67,Colombia,Europe,Product Engineer,69,netball,18:34
Female,57,Sweden,Europe,Registered Nurse,6,chess,4:03
Female,73,Japan,Antarctica,Legal Assistant,67,swimming,8:28
Male,67,Christmas Island,Antarctica,Systems Administrator IV,57,netball,18:32
Female,58,Vietnam,Asia,Software Test Engineer IV,66,chess,18:35
Female,63,Brazil,Australia,General Manager,11,tennis,6:19
Female,80,Ethiopia,South America,Database Administrator II,89,netball,15:04
Male,52,Paraguay,South America,Business Systems Development Analyst,36,tennis,15:01
Male,75,Portugal,South America,Operator,97,chess,10:28
Male,19,Philippines,South America,Computer Systems Analyst II,57,karate,1:53
Female,40,Indonesia,North America,Developer III,67,rugby,22:35
Male,46,United States,Europe,Database Administrator IV,76,athletics,22:30
Female,78,Russia,Australia,Office Assistant III,29,rugby,7:19
Male,72,Palestinian Territory,Australia,Desktop Support Technician,72,netball,22:25
Male,29,France,Australia,Design Engineer,9,rugby,21:08
Male,35,Azerbaijan,North America,Quality Engineer,97,hockey,20:00
Female,57,Indonesia,South America,Developer I,98,tennis,18:44
Male,42,Afghanistan,North America,Assistant Manager,36,athletics,23:04
Male,52,Panama,Europe,Senior Cost Accountant,54,swimming,17:40
Female,43,Azerbaijan,Africa,Sales Representative,25,football,8:08
Male,35,Thailand,South America,Office Assistant II,95,tennis,22:56
Male,18,Russia,Antarctica,Product Engineer,84,hockey,3:27
Male,24,Brazil,Australia,Sales Associate,51,karate,18:22
Male,37,Poland,North America,VP Quality Control,72,netball,9:46
Male,62,Russia,Africa,Financial Analyst,9,baseball,20:46
Male,33,China,South America,Electrical Engineer,5,baseball,11:34
Male,42,Poland,South America,Professor,42,hockey,22:11
Female,25,Indonesia,Africa,Speech Pathologist,4,karate,9:21
Male,28,Colombia,Africa,Budget/Accounting Analyst III,7,tennis,4:57
Female,44,Tunisia,Europe,Cost Accountant,71,hockey,3:20
Female,52,Guyana,Africa,Help Desk Technician,83,karate,18:14
Male,59,China,Antarctica,GIS Technical Architect,94,tennis,23:56
Male,68,Colombia,Australia,Account Executive,49,tennis,21:53
Female,63,China,Europe,VP Accounting,41,hockey,23:23
Female,30,Serbia,South America,Staff Scientist,19,netball,0:54
Male,35,Mauritius,Africa,Chemical Engineer,47,athletics,12:17
Female,71,China,Antarctica,Quality Control Specialist,65,karate,6:56
Male,71,China,Africa,Administrative Officer,88,chess,17:04
Female,61,Russia,Africa,Mechanical Systems Engineer,35,netball,14:16
Male,74,China,Africa,Staff Scientist,68,karate,2:30
Female,57,Portugal,Asia,Staff Scientist,64,netball,23:00
Male,42,Pakistan,Europe,Sales Associate,20,netball,16:41
Male,80,Indonesia,North America,Environmental Specialist,61,chess,1:38
Female,30,Japan,Antarctica,Legal Assistant,71,football,3:21
Male,56,Nigeria,Africa,Web Developer I,35,chess,19:11
Male,58,Equatorial Guinea,North America,Teacher,17,hockey,16:56
Male,70,France,Africa,VP Product Management,82,netball,21:46
Male,44,Brazil,Australia,Quality Engineer,80,football,8:32
Female,27,Sri Lanka,Asia,Staff Scientist,38,athletics,22:32
Male,23,Botswana,Antarctica,Assistant Manager,25,tennis,6:05
Male,68,Democratic Republic of the Congo,Africa,Senior Financial Analyst,91,baseball,17:57
Male,28,Argentina,Australia,Human Resources Manager,18,baseball,13:13
Male,50,Thailand,Antarctica,Web Developer II,16,tennis,19:42
Male,71,Portugal,Antarctica,Software Engineer IV,97,chess,6:32
Male,55,Lithuania,South America,Paralegal,40,football,9:52
Female,38,China,Europe,Research Associate,16,tennis,10:34
Female,29,China,Africa,Safety Technician II,5,athletics,11:52
Male,67,Guatemala,South America,Technical Writer,61,hockey,21:52
Male,19,Egypt,South America,Desktop Support Technician,60,karate,15:20
Female,75,Palestinian Territory,Africa,Social Worker,93,swimming,8:05
Male,36,Brazil,Africa,Civil Engineer,44,rugby,19:04
Female,49,Botswana,North America,Food Chemist,45,netball,7:12
Male,64,Russia,Africa,Computer Systems Analyst I,17,hockey,21:22
Female,30,Portugal,Australia,Geologist IV,43,swimming,12:33
Female,17,Panama,Antarctica,Structural Analysis Engineer,72,athletics,7:42
Female,61,Vietnam,Europe,VP Sales,38,netball,17:09
Female,40,Poland,Australia,Nurse,96,netball,17:05
Female,41,France,North America,Geologist IV,30,rugby,22:20
Male,26,China,Antarctica,Graphic Designer,47,chess,18:24
Male,75,Indonesia,Asia,Assistant Professor,100,swimming,7:54
Female,59,China,Antarctica,VP Sales,79,karate,8:17
Male,43,Brazil,Australia,VP Quality Control,61,hockey,13:55
Female,69,Philippines,Asia,Senior Cost Accountant,98,football,22:24
Female,30,Indonesia,South America,Environmental Specialist,98,netball,16:22
Female,78,France,Antarctica,Human Resources Assistant II,64,netball,23:52
Male,34,China,Europe,Administrative Officer,75,chess,0:59
Female,73,Micronesia,Africa,Teacher,61,tennis,13:45
Female,54,Indonesia,Africa,Software Consultant,34,hockey,8:48
Female,49,Portugal,Asia,Senior Sales Associate,17,hockey,21:49
Male,75,Sri Lanka,Europe,Recruiting Manager,74,rugby,11:06
Male,47,Portugal,Europe,Web Developer III,79,chess,21:29
Male,41,Namibia,Antarctica,Staff Scientist,9,swimming,3:23
Male,35,Azerbaijan,Australia,Speech Pathologist,35,hockey,8:03
Female,19,Indonesia,Europe,Biostatistician IV,60,baseball,0:42
Male,30,Russia,Europe,Senior Sales Associate,24,athletics,9:40
Female,79,Russia,Europe,Information Systems Manager,84,netball,6:59
Female,62,Philippines,Asia,Chemical Engineer,40,athletics,19:25
Male,50,Somalia,South America,Internal Auditor,89,baseball,1:12
Female,63,Poland,North America,VP Accounting,93,baseball,20:46
Male,71,China,Australia,Senior Financial Analyst,15,rugby,23:43
Male,77,China,Australia,Information Systems Manager,61,tennis,16:26
Male,59,Japan,Europe,Payment Adjustment Coordinator,57,football,7:29
Male,21,Ukraine,Asia,Human Resources Manager,9,rugby,13:24
Male,36,Vietnam,South America,VP Marketing,99,tennis,15:12
Male,56,Croatia,South America,Engineer I,15,tennis,23:51
Female,62,Serbia,South America,Nurse Practicioner,53,tennis,1:20
Male,24,United States,Europe,Marketing Manager,23,karate,7:01
Male,39,China,Australia,Geological Engineer,95,hockey,4:04
Female,40,Indonesia,South America,Professor,29,hockey,6:17
Female,80,Kazakhstan,Africa,Junior Executive,24,tennis,15:31
Male,60,Nigeria,Asia,Financial Advisor,93,hockey,13:04
Female,23,Brazil,Antarctica,Legal Assistant,70,baseball,21:51
Female,58,Indonesia,Antarctica,Financial Advisor,100,karate,16:43
Female,52,Estonia,Antarctica,Teacher,36,baseball,13:55
Female,74,Chad,Asia,Financial Advisor,26,football,18:03
Female,48,Greece,Asia,VP Quality Control,37,athletics,19:41
Female,63,Yemen,North America,Analog Circuit Design manager,49,athletics,14:50
Male,80,Kenya,Antarctica,Assistant Media Planner,85,netball,20:04
Female,34,Thailand,North America,Librarian,20,football,17:35
Male,29,Japan,Australia,Senior Quality Engineer,52,baseball,17:17
Male,43,Philippines,Europe,Software Test Engineer III,30,hockey,9:48
Male,34,China,Antarctica,VP Quality Control,75,rugby,19:44
Male,66,Brazil,South America,Junior Executive,98,hockey,22:26
Male,72,Vietnam,Europe,Structural Engineer,43,football,17:23
Male,42,Poland,Asia,Structural Engineer,41,swimming,23:19
Female,22,Mexico,North America,Help Desk Technician,43,hockey,19:07
Female,44,Tunisia,Africa,Clinical Specialist,79,athletics,15:15
Female,23,Panama,North America,Accounting Assistant III,12,tennis,23:58
Male,17,Uzbekistan,Antarctica,Recruiting Manager,85,netball,9:35
Male,68,Philippines,Africa,Pharmacist,100,netball,13:50
Male,51,Namibia,South America,Chemical Engineer,11,baseball,11:44
Female,63,Indonesia,Antarctica,Senior Developer,15,baseball,21:40
Female,19,China,Antarctica,Budget/Accounting Analyst II,80,football,16:06
Female,16,Ireland,Asia,Marketing Manager,52,swimming,1:14
Female,80,Comoros,North America,Design Engineer,73,tennis,10:39
Female,78,Philippines,Europe,Software Consultant,70,football,11:19
Male,66,Vietnam,Africa,Cost Accountant,58,netball,8:32
Female,42,Finland,South America,Graphic Designer,54,tennis,5:02
Male,47,Canada,Australia,Dental Hygienist,63,karate,22:25
Male,24,Croatia,Asia,Marketing Manager,8,swimming,8:47
Female,77,China,Europe,Assistant Manager,31,netball,14:33
Male,18,Iran,Asia,Data Coordinator,67,rugby,8:03
Male,23,Thailand,North America,Desktop Support Technician,17,tennis,20:53
Male,66,Philippines,Asia,Nurse,87,hockey,13:16
Female,35,Gambia,Europe,Engineer I,69,baseball,13:45
Female,49,Czech Republic,Australia,Internal Auditor,61,netball,16:01
Female,68,Ukraine,Europe,VP Sales,17,tennis,11:03
Female,80,Armenia,Africa,Assistant Manager,41,athletics,5:22
Male,25,Ireland,North America,Data Coordinator,88,swimming,3:22
Male,63,Poland,Australia,Help Desk Technician,57,football,19:20
Male,74,Poland,North America,Analyst Programmer,73,athletics,3:11
Male,79,China,Antarctica,Recruiting Manager,2,rugby,7:00
Male,30,Russia,Asia,Software Consultant,44,tennis,18:14
Male,57,Switzerland,Australia,VP Marketing,5,tennis,19:57
Male,62,Sweden,Australia,Recruiting Manager,83,athletics,2:59
Female,63,Pakistan,Antarctica,General Manager,55,tennis,0:31
Male,23,Thailand,Australia,Systems Administrator I,11,swimming,7:53
Male,65,Philippines,Africa,Professor,16,football,20:20
Female,36,China,South America,Web Designer IV,33,chess,9:58
Female,33,Indonesia,Australia,Assistant Professor,11,chess,8:10
Male,73,Norway,North America,Environmental Tech,84,netball,2:01
Male,23,South Korea,South America,Nurse,72,netball,23:07
Female,68,Morocco,Asia,Geological Engineer,61,rugby,8:23
Male,21,China,Africa,Cost Accountant,25,chess,0:09
Male,41,Laos,Europe,Programmer IV,62,hockey,10:32
Male,24,China,Antarctica,Data Coordinator,85,chess,17:51
Female,27,Indonesia,South America,Chemical Engineer,88,netball,0:15
Female,26,Vietnam,Australia,Legal Assistant,42,swimming,6:06
Female,79,Colombia,Africa,Programmer Analyst II,78,karate,12:16
Female,65,China,Europe,Dental Hygienist,27,rugby,8:07
Female,54,Argentina,South America,Media Manager II,24,tennis,12:22
Female,43,Netherlands,North America,General Manager,42,chess,0:37
Female,52,China,South America,Cost Accountant,65,chess,4:07
Male,41,Colombia,Australia,Research Assistant I,27,netball,20:18
Male,71,Russia,Africa,Financial Analyst,73,baseball,5:48
Male,19,China,Europe,Financial Advisor,45,rugby,16:09
Male,73,Nigeria,Europe,Engineer II,63,rugby,18:52
Male,77,Portugal,Europe,Nurse Practicioner,98,football,23:53
Female,22,China,Asia,Desktop Support Technician,8,swimming,22:29
Male,35,Russia,South America,Nurse,44,rugby,4:56
Female,39,Philippines,South America,GIS Technical Architect,21,chess,6:19
Female,31,Portugal,Antarctica,Desktop Support Technician,92,chess,9:40
Male,61,Guatemala,North America,Design Engineer,84,hockey,15:34
Female,52,Russia,Africa,Occupational Therapist,8,chess,0:24
Female,68,Russia,South America,Senior Cost Accountant,10,baseball,12:17
Female,28,Argentina,Australia,GIS Technical Architect,1,swimming,17:47
Male,40,Brazil,Asia,Legal Assistant,36,tennis,19:18
Female,27,China,Europe,Librarian,55,baseball,0:52
Male,67,France,North America,Social Worker,66,swimming,16:13
Female,38,French Polynesia,South America,Research Associate,70,baseball,23:06
Female,62,Indonesia,Antarctica,Teacher,2,rugby,14:45
Female,70,Mongolia,Australia,Automation Specialist IV,30,netball,6:17
Male,63,Syria,North America,Associate Professor,75,rugby,5:05
Female,70,Sweden,North America,Chief Design Engineer,37,netball,1:57
Male,57,Serbia,South America,Chief Design Engineer,4,hockey,17:02
Male,65,Portugal,Antarctica,Account Coordinator,60,hockey,7:19
Male,74,Zimbabwe,Australia,Administrative Assistant IV,41,netball,20:27
Male,78,China,South America,Business Systems Development Analyst,35,netball,0:33
Male,21,China,Africa,Developer III,31,football,3:27
Male,73,Poland,Asia,Staff Accountant III,87,karate,5:36
Male,73,Estonia,Australia,Account Coordinator,20,baseball,11:41
Male,57,Cyprus,Australia,Geologist IV,1,swimming,4:05
Female,36,Ukraine,Antarctica,Safety Technician IV,27,tennis,0:44
Female,17,Jamaica,Europe,Executive Secretary,15,swimming,9:31
Female,67,China,Australia,Community Outreach Specialist,25,athletics,20:30
Male,53,Brazil,Asia,Desktop Support Technician,18,athletics,0:42
Female,65,France,North America,Civil Engineer,38,netball,15:51
Male,50,China,South America,Clinical Specialist,30,rugby,9:32
Female,47,China,South America,Technical Writer,36,karate,12:42
Female,56,Russia,North America,Paralegal,45,netball,19:01
Male,74,China,South America,Information Systems Manager,34,hockey,8:11
Female,28,Tajikistan,Antarctica,Librarian,57,chess,17:06
Female,45,Croatia,Australia,Human Resources Assistant I,88,karate,15:08
Male,30,Japan,Antarctica,Internal Auditor,46,karate,6:33
Female,63,United States,Asia,Clinical Specialist,23,athletics,13:45
Female,56,Brazil,Asia,Programmer Analyst IV,22,football,6:26
Female,51,United States,North America,Community Outreach Specialist,100,hockey,23:47
Male,44,China,Africa,Clinical Specialist,1,tennis,15:52
Female,46,Serbia,Australia,Mechanical Systems Engineer,83,hockey,13:22
Male,77,Sweden,South America,Tax Accountant,28,karate,8:57
Male,75,Philippines,Africa,Staff Accountant III,16,athletics,12:04
Male,48,Russia,Europe,Computer Systems Analyst III,100,rugby,13:10
Female,80,Indonesia,Europe,Chief Design Engineer,87,karate,16:53
Male,26,Sweden,Europe,Account Executive,69,karate,21:43
Female,19,Indonesia,Australia,Sales Representative,47,rugby,0:54
Female,80,Nicaragua,Africa,Internal Auditor,46,athletics,9:40
Female,42,Indonesia,Antarctica,Software Test Engineer II,65,chess,5:00
Male,36,Brazil,Europe,Electrical Engineer,18,swimming,14:44
Male,76,Sweden,Africa,VP Sales,43,athletics,2:19
Male,66,Ethiopia,South America,Statistician III,40,baseball,23:28
Female,23,Philippines,Africa,Cost Accountant,50,football,4:44
Female,56,Kenya,Asia,Research Nurse,61,baseball,1:57
Male,17,Russia,Australia,Database Administrator I,36,tennis,1:20
Female,37,China,Europe,Programmer Analyst IV,53,hockey,21:48
Female,52,Brazil,Australia,Electrical Engineer,1,baseball,7:43
Female,39,Mongolia,North America,General Manager,77,athletics,19:30
Male,68,Poland,North America,Legal Assistant,45,athletics,12:38
Male,68,Poland,North America,Internal Auditor,30,chess,0:55
Male,40,Sweden,Europe,Staff Scientist,79,swimming,9:20
Male,17,Czech Republic,Europe,Sales Associate,33,netball,16:31
Female,61,Netherlands,Australia,Nurse,97,karate,21:53
Male,69,Brazil,Australia,Junior Executive,69,football,17:27
Female,46,France,North America,Database Administrator I,34,karate,1:46
Male,62,Kazakhstan,Antarctica,Database Administrator II,70,athletics,13:30
Female,64,Indonesia,North America,Legal Assistant,37,rugby,9:20
Male,34,Sweden,Africa,Social Worker,9,hockey,8:14
Female,29,Indonesia,Africa,Professor,87,chess,9:46
Male,20,Indonesia,South America,Web Developer III,75,hockey,15:23
Male,24,Canada,Asia,Chief Design Engineer,38,rugby,3:15
Female,46,Indonesia,Europe,Environmental Tech,69,tennis,6:43
Male,47,United States,Australia,Teacher,25,rugby,23:06
Male,26,Sweden,Australia,Business Systems Development Analyst,63,athletics,9:56
Female,70,Poland,North America,Occupational Therapist,29,karate,18:46
Female,27,El Salvador,Europe,Nuclear Power Engineer,51,tennis,19:39
Female,29,Vietnam,Antarctica,Community Outreach Specialist,50,athletics,12:29
Male,16,Thailand,Australia,Payment Adjustment Coordinator,41,football,6:00
Female,49,Samoa,North America,Operator,74,athletics,12:54
Male,56,Philippines,Asia,Mechanical Systems Engineer,62,netball,4:30
Male,51,Indonesia,Australia,Food Chemist,9,baseball,2:35
Female,37,Greece,Antarctica,Engineer I,36,rugby,9:16
Male,39,China,Australia,Office Assistant I,23,tennis,3:24
Female,76,China,Africa,Professor,88,swimming,1:37
Male,73,France,North America,Pharmacist,88,football,7:09
Female,37,Argentina,Africa,Senior Sales Associate,67,football,8:24
Female,50,Pakistan,Asia,Safety Technician III,9,hockey,16:28
Male,49,Serbia,South America,Account Coordinator,4,tennis,5:56
Male,56,Canada,South America,Director of Sales,98,hockey,1:58
Male,29,Indonesia,Antarctica,Speech Pathologist,8,football,13:52
Male,69,China,North America,Design Engineer,45,swimming,5:47
Female,79,Indonesia,Australia,Community Outreach Specialist,25,athletics,2:49
Male,73,Argentina,North America,Media Manager II,99,swimming,15:43
Female,78,Indonesia,Antarctica,GIS Technical Architect,49,karate,11:32
Male,42,Iran,Australia,Graphic Designer,19,football,5:25
Male,60,Greece,Australia,Analog Circuit Design manager,22,baseball,7:59
Male,29,China,South America,Professor,7,netball,17:55
Female,42,Iran,Africa,Associate Professor,55,chess,11:19
Male,78,South Africa,Antarctica,Statistician II,45,baseball,22:02
Male,80,Ghana,Europe,Accounting Assistant III,40,rugby,11:42
Female,33,Georgia,Antarctica,VP Quality Control,36,hockey,2:06
Female,51,Honduras,Asia,Marketing Assistant,38,swimming,8:23
Male,59,China,Australia,Sales Associate,59,baseball,5:16
Female,66,China,North America,Assistant Media Planner,58,tennis,15:00
Female,27,Indonesia,Africa,VP Sales,50,chess,8:03
Female,79,Paraguay,Europe,GIS Technical Architect,60,swimming,20:25
Male,20,Colombia,Africa,Account Coordinator,80,chess,16:45
Male,68,Macedonia,Australia,Business Systems Development Analyst,21,tennis,20:06
Female,23,Croatia,South America,Project Manager,95,rugby,3:52
Male,76,Russia,Europe,Registered Nurse,60,athletics,11:01
Male,44,Czech Republic,South America,Environmental Tech,31,athletics,0:09
Female,32,Portugal,North America,Geologist III,29,chess,0:24
Male,61,Indonesia,Asia,Automation Specialist IV,88,tennis,21:42
Male,47,Netherlands,Africa,Environmental Tech,2,tennis,2:10
Male,43,Germany,Antarctica,General Manager,78,swimming,15:51
Male,45,Poland,North America,Legal Assistant,50,tennis,20:27
Male,22,Poland,Europe,Senior Editor,39,chess,21:44
Female,35,Philippines,Australia,Statistician IV,38,hockey,14:59
Male,53,Denmark,Europe,Senior Developer,24,hockey,13:02
Male,59,Portugal,Africa,Engineer II,52,netball,23:55
Male,47,Czech Republic,Antarctica,Legal Assistant,52,karate,2:02
Female,35,Portugal,Europe,Paralegal,24,athletics,4:49
Male,77,Russia,Australia,Analyst Programmer,56,football,12:04
Male,56,Indonesia,North America,Actuary,74,rugby,23:51
Male,63,Indonesia,South America,Product Engineer,96,baseball,3:20
Female,73,Kenya,Europe,Statistician II,31,netball,8:15
Male,28,Sweden,Antarctica,Human Resources Manager,14,karate,2:55
Male,62,Indonesia,North America,Compensation Analyst,61,baseball,13:31
Female,31,China,North America,Mechanical Systems Engineer,94,rugby,14:07
Male,36,Russia,Africa,Recruiter,92,karate,14:21
Male,33,Colombia,Asia,Media Manager II,53,swimming,3:27
Female,64,Indonesia,Asia,Technical Writer,91,netball,12:46
Female,33,Indonesia,Australia,Analog Circuit Design manager,76,athletics,2:52
Female,22,Croatia,North America,Environmental Specialist,16,tennis,0:45
Male,80,Belarus,North America,Financial Analyst,80,baseball,16:34
Female,21,Cyprus,Europe,Programmer Analyst I,38,rugby,13:38
Female,77,Tajikistan,South America,Internal Auditor,45,karate,3:49
Female,61,Indonesia,North America,Help Desk Operator,38,netball,9:55
Male,67,Venezuela,Australia,Junior Executive,16,football,18:38
Male,38,Iraq,North America,Web Developer IV,94,athletics,0:15
Male,58,Japan,Asia,Community Outreach Specialist,68,hockey,1:17
Female,23,Russia,North America,Software Test Engineer I,57,hockey,23:36
Female,80,China,South America,Account Coordinator,37,football,11:44
Female,65,Tanzania,Antarctica,Recruiter,94,baseball,14:09
Male,80,China,South America,Nurse,56,hockey,15:43
Male,21,Poland,South America,Speech Pathologist,70,football,22:47
Female,76,United States,Asia,Executive Secretary,33,rugby,7:12
Male,22,Armenia,Europe,Actuary,68,athletics,10:52
Male,57,Indonesia,Europe,Account Coordinator,1,football,17:57
Female,16,Bulgaria,North America,Paralegal,49,netball,12:33
Female,17,Indonesia,Australia,Analog Circuit Design manager,47,netball,4:23
Female,55,Poland,Antarctica,Director of Sales,44,tennis,17:59
Female,55,China,North America,Office Assistant I,80,football,11:18
Female,52,Colombia,Africa,GIS Technical Architect,88,karate,20:12
Male,18,China,Asia,Quality Engineer,75,rugby,10:16
Male,52,Honduras,Asia,Nurse Practicioner,97,rugby,13:14
Male,56,Poland,North America,Research Assistant I,63,rugby,18:59
Female,72,Portugal,Asia,Cost Accountant,9,netball,0:45
Female,71,China,Europe,Health Coach IV,47,karate,23:51
Male,28,China,Antarctica,Speech Pathologist,23,tennis,16:30
Male,74,China,Antarctica,Environmental Specialist,36,rugby,2:10
Male,78,Brazil,Europe,Desktop Support Technician,4,tennis,5:15
Male,41,France,Europe,Analyst Programmer,27,chess,13:48
Male,29,Indonesia,North America,Developer IV,61,athletics,19:03
Female,65,China,Australia,Staff Scientist,48,hockey,10:52
Male,58,Brazil,Europe,Help Desk Operator,73,hockey,17:23
Male,71,Indonesia,Antarctica,Automation Specialist III,26,netball,17:50
Female,16,China,Asia,Graphic Designer,37,rugby,0:54
Female,41,Russia,Europe,VP Sales,64,baseball,4:54
Female,41,Brazil,Asia,Speech Pathologist,97,swimming,20:08
Male,75,Poland,North America,Professor,54,tennis,16:44
Male,29,Finland,Asia,VP Quality Control,51,tennis,17:56
Female,53,Russia,Australia,Associate Professor,83,karate,18:45
Female,77,Ireland,Asia,Environmental Specialist,7,swimming,16:22
Male,46,China,Asia,Software Consultant,45,baseball,11:55
Female,17,China,Europe,Software Consultant,78,swimming,15:04
Male,62,Czech Republic,Australia,Information Systems Manager,90,netball,12:56
Female,57,Portugal,North America,Senior Quality Engineer,31,football,11:07
Female,80,Qatar,South America,Physical Therapy Assistant,60,hockey,9:48
Female,52,Indonesia,Australia,Speech Pathologist,48,swimming,13:30
Male,24,China,Europe,Speech Pathologist,52,athletics,6:50
Male,51,Indonesia,Australia,Senior Sales Associate,84,football,16:10
Male,71,Bosnia and Herzegovina,Antarctica,Analyst Programmer,28,rugby,14:12
Female,21,Czech Republic,Africa,Research Assistant II,55,football,17:01
Male,17,Nigeria,Europe,Assistant Manager,67,hockey,0:10
Female,18,Ukraine,North America,Web Developer III,36,netball,2:09
Male,71,Bolivia,North America,Engineer III,66,swimming,19:33
Female,38,Netherlands,North America,Electrical Engineer,76,rugby,2:06
Female,71,Cuba,North America,Cost Accountant,74,athletics,11:55
Male,70,Italy,Europe,Dental Hygienist,65,karate,7:41
Male,58,France,Europe,Sales Associate,25,swimming,19:39
Male,21,Saint Lucia,South America,Mechanical Systems Engineer,50,chess,11:15
Male,41,Brazil,Asia,Graphic Designer,16,karate,19:09
Female,39,Macedonia,Australia,GIS Technical Architect,3,karate,15:42
Female,32,Russia,Asia,Actuary,54,chess,7:49
Female,73,China,Europe,Assistant Manager,90,swimming,3:47
Male,37,Indonesia,Antarctica,Research Associate,29,swimming,14:39
Female,37,Pakistan,Australia,General Manager,89,rugby,22:52
Male,25,Canada,Asia,Sales Representative,77,football,14:16
Male,43,Indonesia,Antarctica,Director of Sales,20,football,4:09
Female,32,Indonesia,Africa,Account Coordinator,56,athletics,19:58
Male,48,China,North America,Analog Circuit Design manager,100,rugby,19:29
Female,36,Indonesia,North America,Programmer I,18,athletics,13:01
Female,19,Philippines,South America,Media Manager III,34,netball,2:59
Female,58,Croatia,Australia,Financial Analyst,47,hockey,20:20
Male,25,South Sudan,North America,Assistant Manager,26,football,14:20
Male,30,Tanzania,Antarctica,Business Systems Development Analyst,13,athletics,11:30
Female,69,Indonesia,North America,Internal Auditor,66,karate,12:06
Female,40,Botswana,Asia,Pharmacist,10,baseball,5:09
Female,26,China,Australia,Community Outreach Specialist,67,netball,18:22
Male,69,Philippines,South America,Social Worker,55,chess,10:37
Male,34,Sri Lanka,Antarctica,Software Engineer IV,29,swimming,20:26
Female,77,Malaysia,Asia,Nurse Practicioner,3,karate,2:37
Female,37,Croatia,Australia,Operator,16,tennis,5:06
Female,62,China,South America,Speech Pathologist,94,rugby,15:38
Male,44,Moldova,Antarctica,Structural Engineer,43,karate,11:51
Female,55,Indonesia,Europe,Financial Analyst,53,chess,2:18
Female,24,Honduras,Antarctica,Mechanical Systems Engineer,56,tennis,4:30
Female,72,Russia,South America,VP Sales,58,karate,15:44
Male,18,Honduras,Antarctica,Research Assistant III,86,netball,5:06
Male,64,Luxembourg,Africa,Human Resources Assistant I,71,tennis,23:31
Male,38,Mexico,North America,Administrative Assistant IV,56,netball,12:41
Male,37,Argentina,South America,Staff Accountant I,30,baseball,0:14
Female,30,South Korea,Australia,Nurse,47,netball,1:56
Male,69,Czech Republic,South America,Actuary,41,tennis,20:55
Male,44,Japan,Australia,Dental Hygienist,76,rugby,22:36
Male,46,Philippines,Europe,Junior Executive,3,baseball,4:58
Male,42,Micronesia,Antarctica,Food Chemist,89,baseball,1:52
Male,37,China,South America,Associate Professor,12,rugby,11:41
Female,30,Mexico,Asia,Pharmacist,41,netball,3:44
Male,46,United States,Asia,Graphic Designer,81,tennis,4:50
Female,20,China,North America,Research Associate,33,netball,1:45
Female,54,Brazil,Africa,Community Outreach Specialist,8,chess,22:11
Male,23,China,Antarctica,Office Assistant IV,88,athletics,0:33
Male,30,Indonesia,South America,Analog Circuit Design manager,26,netball,21:48
Female,79,Philippines,South America,Community Outreach Specialist,32,netball,19:16
Female,55,China,Europe,VP Quality Control,13,football,6:45
Male,57,Indonesia,Antarctica,Assistant Media Planner,4,karate,4:55
Male,30,Latvia,South America,Teacher,17,baseball,4:11
Female,33,Italy,North America,Recruiter,65,netball,18:17
Male,65,China,Australia,Community Outreach Specialist,87,chess,22:53
Female,75,China,Europe,Accounting Assistant IV,1,athletics,20:00
Female,40,Sweden,Asia,Systems Administrator I,71,netball,22:01
Female,42,China,Europe,Internal Auditor,65,athletics,11:12
Female,54,Sweden,South America,Help Desk Technician,67,netball,17:31
Female,61,China,Europe,Web Developer III,41,netball,14:33
Male,76,South Africa,Europe,Systems Administrator II,44,hockey,5:07
Female,70,Belarus,Africa,Speech Pathologist,76,hockey,16:38
Female,61,Uganda,South America,Executive Secretary,18,karate,1:39
Male,62,China,Africa,Actuary,53,football,0:17
Male,16,Sweden,Australia,Human Resources Assistant II,14,athletics,22:53
Male,76,Russia,Africa,Clinical Specialist,37,swimming,4:32
Female,44,Vietnam,South America,Systems Administrator II,99,tennis,21:12
Male,51,China,Europe,Structural Analysis Engineer,98,chess,5:31
Male,31,Macao,Africa,Legal Assistant,80,tennis,14:08
Male,56,Russia,Africa,Geological Engineer,30,athletics,22:06
Male,69,Sweden,Africa,Budget/Accounting Analyst II,17,tennis,16:22
Male,60,Thailand,North America,Information Systems Manager,76,swimming,7:36
Male,72,Indonesia,Antarctica,GIS Technical Architect,7,rugby,10:56
Female,21,Morocco,Africa,Help Desk Technician,23,athletics,6:49
Male,18,Philippines,Africa,Tax Accountant,70,netball,6:29
Female,26,China,Europe,Chief Design Engineer,47,football,23:00
Male,69,Colombia,Antarctica,Research Nurse,90,chess,2:44
Female,33,Georgia,Australia,Assistant Media Planner,93,rugby,2:05
Female,46,China,Australia,Chief Design Engineer,67,chess,7:28
Male,46,Thailand,Antarctica,Budget/Accounting Analyst IV,50,swimming,16:40
Female,26,China,North America,Internal Auditor,3,rugby,21:41
Male,22,Sweden,Australia,Human Resources Assistant IV,8,tennis,17:22
Male,75,Vietnam,Antarctica,VP Product Management,92,tennis,3:19
Female,79,China,Asia,Staff Scientist,2,swimming,23:54
Male,65,Brazil,Europe,VP Product Management,36,football,15:34
Female,49,Dominican Republic,South America,Assistant Media Planner,50,karate,19:53
Male,70,China,Australia,Nurse Practicioner,34,rugby,11:30
Female,27,China,Europe,Senior Financial Analyst,68,chess,3:23
Male,68,Kazakhstan,North America,Director of Sales,28,baseball,4:40
Male,32,China,Antarctica,Quality Control Specialist,71,netball,14:16
Female,31,Canada,North America,Administrative Assistant III,92,rugby,9:31
Female,76,New Zealand,Africa,Social Worker,46,tennis,14:09
Male,77,Poland,Europe,Technical Writer,5,tennis,21:43
Female,18,Netherlands,North America,Account Executive,27,chess,8:35
Male,51,China,South America,Structural Engineer,91,hockey,11:18
Male,66,Iran,Asia,Quality Control Specialist,56,athletics,22:03
Female,52,China,Africa,Payment Adjustment Coordinator,3,chess,11:16
Female,27,Slovenia,Asia,Information Systems Manager,94,football,22:33
Male,23,Russia,South America,Mechanical Systems Engineer,3,netball,5:16
Male,20,Russia,Australia,VP Product Management,43,football,16:02
Male,74,Indonesia,Australia,Quality Control Specialist,19,athletics,10:26
Male,22,United States,Asia,VP Sales,58,athletics,19:51
Male,27,Brazil,South America,Senior Financial Analyst,71,football,15:14
Male,68,United States,Europe,Nurse Practicioner,57,athletics,1:49
Male,44,Norway,Europe,Analyst Programmer,35,rugby,19:46
Female,43,China,Antarctica,Biostatistician IV,15,rugby,0:07
Male,63,China,South America,VP Sales,92,tennis,8:55
Female,24,France,Antarctica,Administrative Assistant II,7,netball,11:15
Male,54,Vietnam,Africa,Recruiter,24,karate,6:57
Male,17,Iran,Asia,Programmer Analyst I,58,netball,21:27
Female,57,Portugal,South America,Junior Executive,74,netball,10:22
Male,17,China,Antarctica,Marketing Manager,57,swimming,13:26
Female,19,China,North America,Associate Professor,84,athletics,11:41
Female,65,Pakistan,North America,Senior Developer,41,swimming,23:25
Male,62,Brazil,Europe,Assistant Professor,17,netball,10:39
Female,50,France,Africa,Administrative Assistant II,16,chess,10:40
Male,63,Thailand,North America,Sales Representative,61,chess,6:08
Female,67,Netherlands,Europe,Computer Systems Analyst IV,11,football,15:34
Male,55,Russia,North America,Budget/Accounting Analyst IV,24,baseball,1:16
Female,19,Philippines,Antarctica,Research Assistant IV,98,athletics,0:57
Male,68,France,Australia,Human Resources Assistant I,15,tennis,15:21
Female,35,Tanzania,Asia,Systems Administrator II,98,football,7:26
Female,64,Russia,South America,Account Executive,94,netball,20:37
Male,59,Guatemala,Asia,Electrical Engineer,17,chess,2:50
Female,33,Indonesia,Africa,Web Developer II,21,baseball,7:53
Male,34,Brazil,Africa,Associate Professor,29,netball,1:42
Male,29,China,Antarctica,Nurse,88,athletics,0:34
Female,20,Denmark,Australia,Nuclear Power Engineer,40,hockey,18:32
Male,42,Netherlands,Europe,Chief Design Engineer,75,hockey,23:58
Female,16,Indonesia,Antarctica,Staff Accountant I,26,chess,20:04
Female,42,Indonesia,Asia,Tax Accountant,76,hockey,2:41
Female,65,Panama,Europe,Administrative Officer,34,swimming,17:01
Male,17,Russia,Australia,Social Worker,89,baseball,10:28
Female,37,Indonesia,Australia,Tax Accountant,54,chess,8:44
Female,19,Colombia,South America,Design Engineer,3,football,23:38
Female,44,Kenya,South America,Senior Sales Associate,69,hockey,18:53
Male,21,Canada,North America,Nurse Practicioner,86,tennis,6:32
Female,26,Indonesia,Europe,Chemical Engineer,49,baseball,22:00
Female,16,Brazil,Africa,Internal Auditor,19,athletics,22:40
Male,56,United Arab Emirates,South America,Staff Scientist,87,hockey,3:08
Male,61,China,Australia,VP Product Management,49,football,15:30
Female,42,China,Asia,Mechanical Systems Engineer,100,rugby,2:58
Male,25,Indonesia,North America,Account Coordinator,78,netball,19:18
Female,69,Israel,Antarctica,Assistant Manager,6,chess,12:51
Female,28,China,Asia,Environmental Tech,27,athletics,9:35
Male,46,China,Asia,Speech Pathologist,85,baseball,15:56
Female,20,Poland,North America,Pharmacist,48,athletics,1:18
Female,76,Bulgaria,Australia,Senior Sales Associate,100,chess,15:50
Male,22,Niger,South America,Clinical Specialist,44,hockey,21:12
Male,29,Russia,Asia,Graphic Designer,57,karate,8:25
Female,63,Brazil,South America,Speech Pathologist,1,swimming,11:02
Male,72,Poland,Europe,Analyst Programmer,9,rugby,18:04
Male,32,Portugal,Asia,Pharmacist,38,hockey,14:34
Male,73,Russia,Antarctica,Computer Systems Analyst I,80,netball,6:19
Male,58,Brazil,South America,Senior Developer,63,karate,22:30
Female,75,Colombia,Antarctica,Health Coach II,78,rugby,3:36
Female,25,Ukraine,Europe,Marketing Assistant,2,baseball,22:14
Female,24,China,North America,Senior Financial Analyst,42,tennis,19:42
Female,79,Nigeria,South America,Operator,35,karate,9:28
Male,33,Bulgaria,Antarctica,Environmental Tech,56,baseball,9:26
Male,58,China,South America,Compensation Analyst,33,football,6:44
Male,62,Ukraine,Asia,Registered Nurse,19,chess,6:42
Female,29,China,North America,Biostatistician III,74,athletics,16:27
Male,66,China,Asia,Payment Adjustment Coordinator,49,football,14:47
Female,36,Philippines,Africa,Financial Analyst,29,hockey,11:58
Female,51,Uruguay,South America,Help Desk Technician,63,hockey,6:00
Female,77,Russia,North America,Human Resources Assistant III,78,football,2:32
Female,31,China,Australia,Sales Representative,6,chess,6:35
Male,55,Argentina,Asia,Internal Auditor,31,chess,17:46
Female,56,Malaysia,Europe,Research Assistant IV,13,baseball,17:54
Female,43,Slovenia,Antarctica,Business Systems Development Analyst,22,netball,14:39
Male,53,Indonesia,South America,Human Resources Manager,73,rugby,18:36
Male,37,China,Europe,Systems Administrator II,86,tennis,5:54
Male,58,Brazil,Europe,Geological Engineer,38,chess,7:27
Female,34,Belarus,Australia,Engineer III,88,football,23:43
Female,18,Colombia,Asia,Desktop Support Technician,62,chess,14:43
Male,55,Bangladesh,Antarctica,Sales Representative,72,karate,14:37
Male,18,China,Australia,Help Desk Operator,70,football,16:39
Male,53,China,Europe,Computer Systems Analyst I,27,karate,7:27
Male,76,Indonesia,Europe,Editor,10,tennis,10:19
Male,73,Venezuela,South America,Administrative Officer,67,hockey,20:59
Female,65,Philippines,Asia,Senior Sales Associate,22,football,9:31
Male,76,Indonesia,Australia,Civil Engineer,97,chess,9:38
Female,33,Russia,Antarctica,Community Outreach Specialist,62,netball,5:10
Male,53,Philippines,Australia,Technical Writer,16,netball,21:11
Female,16,Portugal,Asia,Information Systems Manager,23,athletics,1:39
Male,70,China,South America,Director of Sales,20,netball,2:23
Male,37,Nigeria,Africa,Accounting Assistant III,7,hockey,19:19
Female,45,China,North America,Cost Accountant,3,tennis,18:25
Female,21,Russia,Antarctica,Health Coach III,79,tennis,20:08
Male,72,Sweden,Europe,Librarian,47,netball,1:43
Female,22,Spain,Australia,Design Engineer,37,football,12:46
Female,25,Egypt,Asia,Graphic Designer,95,baseball,6:49
Male,79,Togo,Australia,Senior Cost Accountant,26,karate,21:44
Female,23,Brazil,Asia,Design Engineer,42,netball,8:46
Male,25,Portugal,Australia,Staff Accountant III,92,baseball,5:56
Female,78,Poland,Australia,Human Resources Manager,79,karate,11:52
Female,51,China,South America,Quality Engineer,38,netball,6:03
Male,29,Bulgaria,Africa,Design Engineer,81,hockey,12:01
Female,48,Argentina,Africa,Teacher,25,tennis,23:02
Male,53,China,Asia,Human Resources Manager,15,football,0:55
Male,17,France,North America,Staff Accountant III,40,athletics,6:34
Male,64,United States,North America,Quality Control Specialist,4,netball,1:29
Male,18,Portugal,Antarctica,Senior Sales Associate,64,tennis,13:21
Female,38,Argentina,South America,Senior Sales Associate,31,football,18:44
Male,73,Brazil,South America,Web Designer IV,79,swimming,19:14
Female,43,Indonesia,Europe,Recruiting Manager,2,karate,5:08
Male,65,Pakistan,Asia,Geological Engineer,73,football,4:53
Female,28,Indonesia,Antarctica,Electrical Engineer,42,netball,19:29
Male,44,Germany,Europe,Financial Advisor,52,swimming,6:22
Female,45,Poland,Africa,Food Chemist,99,hockey,5:58
Male,47,Peru,North America,VP Accounting,96,tennis,3:53
Male,76,United States,Asia,Teacher,52,rugby,8:12
Female,50,Brazil,North America,Professor,65,athletics,19:01
Male,32,Russia,Australia,Web Designer II,7,hockey,4:41
Female,55,Argentina,Asia,Business Systems Development Analyst,70,rugby,23:16
Male,76,Indonesia,Europe,Web Developer II,95,swimming,14:02
Female,43,Czech Republic,North America,Marketing Assistant,98,rugby,8:18
Male,26,China,Antarctica,Sales Representative,2,hockey,10:21
Female,56,Ireland,South America,Dental Hygienist,27,chess,10:14
Male,68,China,Asia,Director of Sales,38,hockey,3:57
Female,76,Indonesia,South America,Research Associate,4,swimming,19:56
Female,23,United States,Australia,Assistant Professor,78,chess,13:28
Female,52,Philippines,Antarctica,Systems Administrator III,66,hockey,2:02
Female,24,Indonesia,Australia,Civil Engineer,18,hockey,3:35
Male,71,Peru,North America,Research Assistant IV,33,rugby,6:59
Male,56,Indonesia,Australia,Geological Engineer,37,netball,12:48
Male,28,Peru,Europe,Accountant III,98,netball,18:18
Female,32,Japan,Antarctica,Dental Hygienist,99,chess,15:15
Male,33,Indonesia,Europe,Senior Sales Associate,24,athletics,19:04
Female,23,Spain,Asia,Media Manager II,39,hockey,13:31
Female,44,Peru,Asia,Librarian,20,rugby,3:52
Male,52,Kazakhstan,South America,VP Product Management,41,netball,1:39
Male,30,Tanzania,South America,Statistician II,92,football,5:19
Female,75,Nicaragua,Australia,Senior Financial Analyst,7,tennis,17:26
Male,75,Japan,Australia,Geological Engineer,47,karate,10:33
Male,39,Indonesia,Asia,Assistant Manager,45,swimming,22:13
Female,33,China,Australia,Research Nurse,24,chess,9:56
Male,64,Nigeria,South America,Senior Sales Associate,76,football,12:18
Male,63,United States,North America,Web Designer III,22,rugby,9:31
Female,67,China,Europe,Assistant Media Planner,33,netball,14:53
Male,47,Benin,South America,Computer Systems Analyst III,92,baseball,5:33
Male,23,China,North America,Programmer II,76,baseball,4:31
Male,61,China,Asia,Budget/Accounting Analyst II,68,karate,5:25
Male,74,Indonesia,South America,Nuclear Power Engineer,15,baseball,19:41
Female,33,Sweden,Australia,VP Product Management,5,netball,23:37
Male,43,Portugal,South America,Software Consultant,42,karate,6:33
Female,37,Indonesia,North America,Help Desk Technician,80,netball,8:31
Female,25,Mauritius,Asia,Electrical Engineer,33,baseball,16:58
Female,61,Russia,Europe,Product Engineer,14,football,3:37
Female,74,Philippines,Australia,Tax Accountant,67,tennis,23:51
Male,23,Croatia,South America,Clinical Specialist,95,swimming,23:40
Female,60,China,Antarctica,Account Coordinator,92,netball,15:35
Female,79,Germany,Asia,Data Coordinator,4,karate,11:27
Female,37,Brazil,Asia,Speech Pathologist,96,netball,8:13
Male,56,Portugal,North America,Operator,97,baseball,10:32
Male,19,Indonesia,North America,Physical Therapy Assistant,91,karate,10:06
Female,32,Finland,South America,Civil Engineer,31,football,16:53
